refresh_schedule,model,period_id,test_start,test_end,days,spy_return,our_return,our_minus_spy,spy_max_drawdown,our_max_drawdown,long_days,short_days,cash_days,turnover,transaction_cost,short_borrow_cost,winner
biweekly,logistic_regression,1,2018-10-16,2018-10-29,10,-0.04504295590310137,0.07119093730660109,0.11623389320970245,-0.059154993854353966,-0.014828491759842355,2,8,0,9.0,0.0009000000000000001,7.936507936507937e-05,our_model
biweekly,logistic_regression,2,2018-10-30,2018-11-12,10,0.016021188847176404,-0.01708866625994865,-0.03310985510712505,-0.03184964665807111,-0.03763844659577453,0,10,0,0.0,0.0,9.92063492063492e-05,SPY
biweekly,logistic_regression,3,2018-11-13,2018-11-26,9,-0.013452809035670255,0.07374530050741912,0.08719810954308937,-0.038285917860201746,-0.0035743987040496306,3,6,0,12.0,0.0012000000000000001,5.9523809523809524e-05,our_model
biweekly,logistic_regression,4,2018-11-27,2018-12-10,9,-0.015909113281631138,0.05353734048891745,0.06944645377054859,-0.056319457339832346,-0.02491309041600176,7,2,0,10.0,0.001,1.984126984126984e-05,our_model
biweekly,logistic_regression,5,2018-12-11,2018-12-24,10,-0.06251631586355644,-0.06251631586355644,0.0,-0.11207571316845566,-0.11207571316845566,10,0,0,0.0,0.0,0.0,SPY
biweekly,logistic_regression,6,2018-12-26,2019-01-07,8,0.04301746378882121,-0.008396576550124046,-0.051414040338945255,-0.023862734003634034,-0.023862734003634034,5,3,0,6.0,0.0006000000000000001,2.9761904761904762e-05,SPY
biweekly,logistic_regression,7,2019-01-08,2019-01-18,9,0.023717557809707746,-0.02386691963981935,-0.047584477449527096,-0.01351060956687622,-0.03439916112311814,0,9,0,0.0,0.0,8.928571428571429e-05,SPY
biweekly,logistic_regression,8,2019-01-22,2019-02-04,10,0.03895634582564078,-0.03810229535530241,-0.07705864118094319,-0.008917570250421392,-0.036075844364408916,0,10,0,0.0,0.0,9.92063492063492e-05,SPY
biweekly,logistic_regression,9,2019-02-05,2019-02-15,9,0.01739263983579331,-0.012885098354427083,-0.030277738190220393,-0.009532536421418603,-0.026486677385531787,6,3,0,6.0,0.0006000000000000001,2.9761904761904762e-05,SPY
biweekly,logistic_regression,10,2019-02-19,2019-03-04,10,0.004210857041057059,-0.004606270223113218,-0.008817127264170277,-0.004992691100709323,-0.01083943120694253,0,10,0,2.0,0.0002,9.92063492063492e-05,SPY
biweekly,logistic_regression,11,2019-03-05,2019-03-18,10,0.016572105245880042,-0.00901084464268942,-0.02558294988856946,-0.010348928850437478,-0.018696300194408044,3,7,0,4.0,0.0004,6.944444444444444e-05,SPY
biweekly,logistic_regression,12,2019-03-19,2019-04-01,10,0.012641708219979009,-0.015226492559276883,-0.02786820077925589,-0.01998396201460717,-0.02568801451840763,1,9,0,4.0,0.0004,8.928571428571429e-05,SPY
biweekly,logistic_regression,13,2019-04-02,2019-04-15,10,0.014651774504435444,-0.007788029913992078,-0.022439804418427522,-0.005125159962783732,-0.009149146353585103,4,6,0,12.0,0.0012000000000000001,5.9523809523809524e-05,SPY
biweekly,logistic_regression,14,2019-04-16,2019-04-29,9,0.0133027901480669,0.013099632509750325,-0.00020315763831657563,-0.002833988659870279,-0.002833988659870279,9,0,0,2.0,0.0002,0.0,SPY
biweekly,logistic_regression,15,2019-04-30,2019-05-13,10,-0.036119882052624286,-0.036119882052624286,0.0,-0.044791700718917915,-0.044791700718917915,10,0,0,0.0,0.0,0.0,SPY
biweekly,logistic_regression,16,2019-05-14,2019-05-24,9,-0.011467676742315525,-0.011467676742315525,0.0,-0.026242620563410313,-0.026242620563410313,9,0,0,0.0,0.0,0.0,SPY
biweekly,logistic_regression,17,2019-05-28,2019-06-10,10,0.03123324480477918,0.018308281021688577,-0.012924963783090604,-0.015983767066657384,-0.018879744531256293,6,4,0,10.0,0.001,3.968253968253968e-05,SPY
biweekly,logistic_regression,18,2019-06-11,2019-06-24,10,0.011333531938286567,-0.011264065783631927,-0.022597597721918494,-0.012457924942724241,-0.025166276679816968,1,9,0,4.0,0.0004,8.928571428571429e-05,SPY
biweekly,logistic_regression,19,2019-06-25,2019-07-08,9,0.022114174868156145,-0.011841652373079659,-0.0339558272412358,-0.006626609057553412,-0.01770305686953766,5,4,0,2.0,0.0002,3.968253968253968e-05,SPY
biweekly,logistic_regression,20,2019-07-09,2019-07-22,10,0.009556292333721128,-0.00045146767355153106,-0.010007760007272659,-0.01190362734829109,-0.009609111279520799,1,9,0,2.0,0.0002,8.928571428571429e-05,SPY
biweekly,logistic_regression,21,2019-07-23,2019-08-05,10,-0.04076273724996404,-0.040953687329781996,-0.0001909500798179531,-0.06023014707042673,-0.0602301470704264,10,0,0,2.0,0.0002,0.0,SPY
biweekly,logistic_regression,22,2019-08-06,2019-08-19,10,0.007957181498995158,0.033609626680403126,0.025652445181407968,-0.0331037799639784,-0.019629855481229752,4,6,0,4.0,0.0004,5.9523809523809524e-05,our_model
biweekly,logistic_regression,23,2019-08-20,2019-08-30,9,0.0022403524908245487,0.05529608178350798,0.05305572929268343,-0.025986902820108737,-0.006288870785065903,7,2,0,4.0,0.0004,1.984126984126984e-05,our_model
biweekly,logistic_regression,24,2019-09-03,2019-09-16,10,0.03501392614527754,-0.034482189672496055,-0.0694961158177736,-0.003750307383853624,-0.024344525788557392,0,10,0,2.0,0.0002,9.92063492063492e-05,SPY
biweekly,logistic_regression,25,2019-09-17,2019-09-30,10,-0.021021254771852238,0.011684397545475234,0.03270565231732747,-0.021606665053192753,-0.005924517463715251,4,6,0,4.0,0.0004,5.9523809523809524e-05,our_model
biweekly,logistic_regression,26,2019-10-01,2019-10-14,10,0.019233264688175877,-0.01067053294228526,-0.029903797630461137,-0.019772815336450478,-0.027834059175473325,2,8,0,8.0,0.0008,7.936507936507937e-05,SPY
biweekly,logistic_regression,27,2019-10-15,2019-10-28,10,0.014487467792713149,0.004588226546244467,-0.009899241246468682,-0.004377113461400128,-0.006789067613430344,4,6,0,6.0,0.0006000000000000001,5.9523809523809524e-05,SPY
biweekly,logistic_regression,28,2019-10-29,2019-11-11,10,0.019095511957719413,0.008083071771597616,-0.011012440186121797,-0.0026634403458833944,-0.006451240896252264,4,6,0,2.0,0.0002,5.9523809523809524e-05,SPY
biweekly,logistic_regression,29,2019-11-12,2019-11-25,10,0.016440297543776294,-0.012132032006781923,-0.028572329550558218,-0.005608462002785752,-0.01383923395406872,1,9,0,2.0,0.0002,8.928571428571429e-05,SPY
biweekly,logistic_regression,30,2019-11-26,2019-12-09,9,-0.0017513181751671603,0.010153691186358671,0.011905009361525831,-0.01879679402444212,-0.017047927629763704,1,8,0,2.0,0.0002,7.936507936507937e-05,our_model
biweekly,logistic_regression,31,2019-12-10,2019-12-23,10,0.02959671764010907,-0.015513654343486838,-0.04511037198359591,0.0,-0.01270106331288301,2,8,0,4.0,0.0004,7.936507936507937e-05,SPY
biweekly,logistic_regression,32,2019-12-24,2020-01-06,8,0.004669133441601359,0.0044692635087622,-0.00019986993283915844,-0.007571857050165276,-0.007571857050165498,8,0,0,2.0,0.0002,0.0,SPY
biweekly,logistic_regression,33,2020-01-07,2020-01-17,9,0.026555075967012565,-0.0263655578498746,-0.052920633816887164,-0.002877437401848426,-0.022845459009360858,0,9,0,2.0,0.0002,8.928571428571429e-05,SPY
biweekly,logistic_regression,34,2020-01-21,2020-02-03,10,-0.006761261265358143,-0.0010140150689703642,0.0057472461963877786,-0.030115566845161923,-0.02257642504215629,4,6,0,4.0,0.0004,5.9523809523809524e-05,our_model
biweekly,logistic_regression,35,2020-02-04,2020-02-14,9,0.023308746884723952,-0.023142462583643608,-0.04645120946836756,-0.005329637893178085,-0.016146725777803517,0,9,0,0.0,0.0,8.928571428571429e-05,SPY
biweekly,logistic_regression,36,2020-02-18,2020-03-02,10,-0.10836597755127764,-0.10854345581021985,-0.0001774782589422097,-0.12437209101657232,-0.12437209101657243,10,0,0,2.0,0.0002,0.0,SPY
biweekly,logistic_regression,37,2020-03-03,2020-03-16,10,-0.15800694866403198,0.505394293595506,0.663401242259538,-0.23336321119366765,-0.05400175480577496,3,6,1,10.0,0.001,5.9523809523809524e-05,our_model
biweekly,logistic_regression,38,2020-03-17,2020-03-30,10,0.025576238801265472,0.41668756676402996,0.3911113279627645,-0.06756054059791494,-0.002134708299141419,4,6,0,8.0,0.0008,5.9523809523809524e-05,our_model
biweekly,logistic_regression,39,2020-03-31,2020-04-13,9,0.10102811645034748,-0.0006966562447822122,-0.1017247726951297,-0.01445429332968906,-0.0690942418036733,2,7,0,4.0,0.0004,6.944444444444444e-05,SPY
biweekly,logistic_regression,40,2020-04-14,2020-04-27,10,0.006836164738821537,0.04230712778757395,0.03547096304875241,-0.04744643488121869,-0.030562857870974902,9,1,0,6.0,0.0006000000000000001,9.92063492063492e-06,our_model
biweekly,logistic_regression,41,2020-04-28,2020-05-11,10,0.0032897438295895753,0.04344018603521849,0.04015044220562891,-0.03553760127519934,-0.03553760127519934,8,2,0,2.0,0.0002,1.984126984126984e-05,our_model
biweekly,logistic_regression,42,2020-05-12,2020-05-22,9,0.04329033531488036,0.043077920528761915,-0.00021241478611844222,-0.010271384520261995,-0.010271384520261995,9,0,0,2.0,0.0002,0.0,SPY
biweekly,logistic_regression,43,2020-05-26,2020-06-08,10,0.0725892870755831,0.044546817546859074,-0.028042469528724023,-0.007456705855213852,-0.007456705855213741,8,2,0,4.0,0.0004,1.984126984126984e-05,SPY
biweekly,logistic_regression,44,2020-06-09,2020-06-22,10,-0.022964930270692574,0.08432941934692462,0.10729434961761719,-0.05764953067761869,-0.011008932318371967,6,4,0,6.0,0.0006000000000000001,3.968253968253968e-05,our_model
biweekly,logistic_regression,45,2020-06-23,2020-07-06,9,0.005544264005006516,0.03239052098193951,0.02684625697693299,-0.023751581039749725,-0.030158344202399046,2,7,0,8.0,0.0008,6.944444444444444e-05,our_model
biweekly,logistic_regression,46,2020-07-07,2020-07-20,10,0.03578937830157081,0.030462634147702783,-0.005326744153868024,-0.008659024987901276,-0.013837188092107433,4,6,0,16.0,0.0016000000000000003,5.9523809523809524e-05,SPY
biweekly,logistic_regression,47,2020-07-21,2020-08-03,10,0.015537840846790774,-0.013114333650604437,-0.02865217449739521,-0.018295338691271312,-0.018494050629514258,6,4,0,8.0,0.0008,3.968253968253968e-05,SPY
biweekly,logistic_regression,48,2020-08-04,2020-08-17,10,0.025995428340334303,0.02579149586033047,-0.00020393248000383224,-0.00825471488497187,-0.00825471488497187,10,0,0,2.0,0.0002,0.0,SPY
biweekly,logistic_regression,49,2020-08-18,2020-08-31,10,0.04122360608573761,-0.009826507743709412,-0.05105011382944702,-0.0036228353093493704,-0.01464820536843281,3,7,0,10.0,0.001,6.944444444444444e-05,SPY
biweekly,logistic_regression,50,2020-09-01,2020-09-14,9,-0.03525231296517983,0.05389986403619962,0.08915217700137945,-0.06846512431099172,-0.042297773106106384,7,2,0,10.0,0.001,1.984126984126984e-05,our_model
biweekly,logistic_regression,51,2020-09-15,2020-09-28,10,-0.01901843568697814,-0.027724469890435754,-0.008706034203457613,-0.04394220613479094,-0.03272424086520764,6,4,0,6.0,0.0006000000000000001,3.968253968253968e-05,SPY
biweekly,logistic_regression,52,2020-09-29,2020-10-12,10,0.05343409946337219,-0.03810455124323009,-0.09153865070660228,-0.014215625034608048,-0.053975354355078387,1,9,0,4.0,0.0004,8.928571428571429e-05,SPY
biweekly,logistic_regression,53,2020-10-13,2020-10-26,10,-0.034015381794580524,-0.019594615477032784,0.01442076631754774,-0.027907729042166873,-0.0268995223138897,8,2,0,2.0,0.0002,1.984126984126984e-05,our_model
biweekly,logistic_regression,54,2020-10-27,2020-11-09,10,0.04677393541234842,0.054112732998904844,0.0073387975865564226,-0.010424799945106256,-0.031829016586713,5,5,0,6.0,0.0006000000000000001,4.96031746031746e-05,our_model
biweekly,logistic_regression,55,2020-11-10,2020-11-23,10,0.025929244130868723,0.03475366850073458,0.008824424369865858,-0.019968778954524535,-0.012234615995729836,7,3,0,10.0,0.001,2.9761904761904762e-05,our_model
biweekly,logistic_regression,56,2020-11-24,2020-12-07,9,0.019134381120458066,0.014984404822614428,-0.004149976297843638,-0.004427392291171395,-0.004427392291171395,7,2,0,4.0,0.0004,1.984126984126984e-05,SPY
biweekly,logistic_regression,57,2020-12-08,2020-12-21,10,-0.0036864403568208637,0.013467769980322064,0.017154210337142928,-0.009226830953007692,-0.006168333445357277,6,4,0,10.0,0.001,3.968253968253968e-05,our_model
biweekly,logistic_regression,58,2020-12-22,2021-01-04,8,0.011137292370525742,-0.0021271622303536963,-0.013264454600879438,-0.013613761513213918,-0.021170240795839845,2,6,0,6.0,0.0006000000000000001,5.9523809523809524e-05,SPY
biweekly,logistic_regression,59,2021-01-05,2021-01-15,9,0.01971277516523129,0.01971277516523129,0.0,-0.014583042933639101,-0.014583042933639101,9,0,0,0.0,0.0,0.0,SPY
biweekly,logistic_regression,60,2021-01-19,2021-02-01,10,0.007658725470939043,-0.009657050190647776,-0.01731577566158682,-0.03725409187091122,-0.030569890221727847,0,10,0,2.0,0.0002,9.92063492063492e-05,SPY
biweekly,logistic_regression,61,2021-02-02,2021-02-12,9,0.02817469194509581,0.012811460211515246,-0.015363231733580562,-0.0011010084806775122,-0.008722804866859502,8,1,0,6.0,0.0006000000000000001,9.92063492063492e-06,SPY
biweekly,logistic_regression,62,2021-02-16,2021-03-01,10,-0.01468277562416953,-0.015539434031128674,-0.0008566584069591432,-0.030658165255860736,-0.03085286227704731,9,1,0,4.0,0.0004,9.92063492063492e-06,SPY
biweekly,logistic_regression,63,2021-03-02,2021-03-15,10,0.02424105145114286,-0.0504886711582343,-0.07472972260937716,-0.012374732459700777,-0.05049626861919465,1,9,0,2.0,0.0002,8.928571428571429e-05,SPY
biweekly,logistic_regression,64,2021-03-16,2021-03-29,10,0.00028473849011056984,-0.0010603439856410324,-0.0013450824757516022,-0.021322948584007406,-0.02166978876202741,0,10,0,0.0,0.0,9.92063492063492e-05,SPY
biweekly,logistic_regression,65,2021-03-30,2021-04-12,9,0.04593009991808028,-0.04440525267014073,-0.09033535258822101,-0.0005905877912458779,-0.04050642157209805,0,9,0,0.0,0.0,8.928571428571429e-05,SPY
biweekly,logistic_regression,66,2021-04-13,2021-04-26,10,0.011287225138060686,0.011084274589141518,-0.00020295054891916742,-0.012198558174498775,-0.012198558174498997,10,0,0,2.0,0.0002,0.0,SPY
biweekly,logistic_regression,67,2021-04-27,2021-05-10,10,-0.00792780878101984,-0.00739112622017668,0.0005366825608431602,-0.01873870694144919,-0.01873870694144908,7,3,0,4.0,0.0004,2.9761904761904762e-05,our_model
biweekly,logistic_regression,68,2021-05-11,2021-05-24,10,0.009729425777153411,-0.029147085229716096,-0.03887651100686951,-0.013730751975867705,-0.022007696430770718,2,8,0,2.0,0.0002,7.936507936507937e-05,SPY
biweekly,logistic_regression,69,2021-05-25,2021-06-07,9,0.009659487120200927,0.008125548143730787,-0.0015339389764701394,-0.003711234631019855,-0.0030437940644556516,1,8,0,4.0,0.0004,7.936507936507937e-05,SPY
biweekly,logistic_regression,70,2021-06-08,2021-06-21,10,0.00524375733385174,0.0013155429823539233,-0.003928214351497816,-0.02112261599859988,-0.02112261599859999,9,1,0,6.0,0.0006000000000000001,9.92063492063492e-06,SPY
biweekly,logistic_regression,71,2021-06-22,2021-07-02,9,0.023208848848227825,-0.0008303105685627532,-0.02403915941679058,-0.001821412307474346,-0.012856176628658567,3,6,0,4.0,0.0004,5.9523809523809524e-05,SPY
biweekly,logistic_regression,72,2021-07-06,2021-07-19,10,-0.004319436635227714,-0.004319436635227714,0.0,-0.027706552882141078,-0.027706552882141078,10,0,0,0.0,0.0,0.0,SPY
biweekly,logistic_regression,73,2021-07-20,2021-08-02,10,0.023407481225429905,0.023407481225429905,0.0,-0.007777417790975516,-0.007777417790975516,10,0,0,0.0,0.0,0.0,SPY
biweekly,logistic_regression,74,2021-08-03,2021-08-16,10,0.006551127699175874,0.006551127699175874,0.0,-0.006555313153083997,-0.006555313153083997,10,0,0,0.0,0.0,0.0,SPY
biweekly,logistic_regression,75,2021-08-17,2021-08-30,10,0.016935309465046844,0.016935309465046844,0.0,-0.005903343327045896,-0.005903343327045896,10,0,0,0.0,0.0,0.0,SPY
biweekly,logistic_regression,76,2021-08-31,2021-09-13,9,-0.01636534509970633,-0.01636534509970633,0.0,-0.019903255100297,-0.019903255100297,9,0,0,0.0,0.0,0.0,SPY
biweekly,logistic_regression,77,2021-09-14,2021-09-27,10,-0.02039888869800166,0.003100864481888621,0.02349975317989028,-0.028714935971778877,-0.022103454271536038,3,7,0,6.0,0.0006000000000000001,6.944444444444444e-05,our_model
biweekly,logistic_regression,78,2021-09-28,2021-10-11,10,-0.0002305327753523434,-0.0005903655859292867,-0.0003598328105769433,-0.013373080361196443,-0.023067110350082465,0,10,0,0.0,0.0,9.92063492063492e-05,SPY
biweekly,logistic_regression,79,2021-10-12,2021-10-25,10,0.05151966788419782,-0.04954191074120318,-0.101061578625401,-0.001036083013505551,-0.04610072239750351,0,10,0,0.0,0.0,9.92063492063492e-05,SPY
biweekly,logistic_regression,80,2021-10-26,2021-11-08,10,0.0250461900910961,0.024840268586704184,-0.00020592150439191492,-0.0033054424408592853,-0.0033054424408593963,10,0,0,2.0,0.0002,0.0,SPY
biweekly,logistic_regression,81,2021-11-09,2021-11-22,10,0.0017332380304275752,0.012586306924108781,0.010853068893681206,-0.00459865942647586,-0.005508816283323559,1,9,0,6.0,0.0006000000000000001,8.928571428571429e-05,our_model
biweekly,logistic_regression,82,2021-11-23,2021-12-06,9,0.0001920093388001476,-7.4964684738665355e-06,-0.00019950580727401412,-0.04034585309501049,-0.040345853095010376,9,0,0,2.0,0.0002,0.0,SPY
biweekly,logistic_regression,83,2021-12-07,2021-12-20,10,-0.007673199731516367,-0.01838902712976609,-0.010715827398249722,-0.03008353695552668,-0.0451569759950291,4,6,0,4.0,0.0004,5.9523809523809524e-05,SPY
biweekly,logistic_regression,84,2021-12-21,2022-01-03,9,0.03129204071896785,-0.031002259875842153,-0.062294300594810004,-0.005277793665153352,-0.021325847855821922,0,9,0,2.0,0.0002,8.928571428571429e-05,SPY
biweekly,logistic_regression,85,2022-01-04,2022-01-14,9,-0.044100112470659814,0.04501622185915055,0.08911633432981036,-0.03084777941875594,-0.011806780020409802,0,9,0,0.0,0.0,8.928571428571429e-05,our_model
biweekly,logistic_regression,86,2022-01-18,2022-01-31,10,-0.0077549375229005735,-0.018747925266930476,-0.010992987744029903,-0.045401214154820235,-0.0579288932202181,1,9,0,4.0,0.0004,8.928571428571429e-05,SPY
biweekly,logistic_regression,87,2022-02-01,2022-02-14,10,-0.015122907592137413,-0.007763353065476819,0.007359554526660594,-0.04047731285917755,-0.04996671709109335,5,5,0,8.0,0.0008,4.96031746031746e-05,our_model
biweekly,logistic_regression,88,2022-02-15,2022-02-28,9,-0.036135578634934995,-0.006955871602596364,0.02917970703233863,-0.05519489762511409,-0.034907388862415956,4,5,0,10.0,0.001,4.96031746031746e-05,our_model
biweekly,logistic_regression,89,2022-03-01,2022-03-14,10,-0.008860798068485276,0.039812127235679506,0.04867292530416478,-0.04941892633176026,-0.024356114389194716,6,4,0,4.0,0.0004,3.968253968253968e-05,our_model
biweekly,logistic_regression,90,2022-03-15,2022-03-28,10,0.08638309475970085,-0.060345544145223196,-0.14672863890492405,-0.012878395275083498,-0.03893314569587025,2,8,0,6.0,0.0006000000000000001,7.936507936507937e-05,SPY
biweekly,logistic_regression,91,2022-03-29,2022-04-11,10,-0.05039539785534386,-0.05058649880412003,-0.00019110094877616834,-0.044495256118964766,-0.044495256118964766,10,0,0,2.0,0.0002,0.0,SPY
biweekly,logistic_regression,92,2022-04-12,2022-04-25,9,-0.05062855233227015,0.05050069867619644,0.10112925100846659,-0.06502764616540901,-0.01656672700389339,0,9,0,2.0,0.0002,8.928571428571429e-05,our_model
biweekly,logistic_regression,93,2022-04-26,2022-05-09,10,-0.04087973121905408,0.029191438495851152,0.07007116971490523,-0.07199449279534342,-0.03798855902251508,9,1,0,6.0,0.0006000000000000001,9.92063492063492e-06,our_model
biweekly,logistic_regression,94,2022-05-10,2022-05-23,10,-0.013029427327251542,0.02374904508287634,0.03677847241012788,-0.04618928628442709,-0.02058029482216228,3,7,0,2.0,0.0002,6.944444444444444e-05,our_model
biweekly,logistic_regression,95,2022-05-24,2022-06-06,9,0.05547217771953594,0.0012668276481815344,-0.05420535007135441,-0.01641146542909766,-0.030210772054590773,2,7,0,4.0,0.0004,6.944444444444444e-05,SPY
biweekly,logistic_regression,96,2022-06-07,2022-06-17,9,-0.09392840155010929,0.02886234321721859,0.12279074476732788,-0.10838459346558327,-0.0595848146204343,6,3,0,2.0,0.0002,2.9761904761904762e-05,our_model
biweekly,logistic_regression,97,2022-06-21,2022-07-01,9,0.018369888191686057,-0.004215747285452376,-0.022585635477138433,-0.032890846412737984,-0.03200404960278935,2,7,0,2.0,0.0002,6.944444444444444e-05,SPY
biweekly,logistic_regression,98,2022-07-05,2022-07-18,10,0.026992419223513586,0.08713104418621032,0.06013862496269673,-0.028484141180739386,-0.00825684338538435,5,5,0,6.0,0.0006000000000000001,4.96031746031746e-05,our_model
biweekly,logistic_regression,99,2022-07-19,2022-08-01,10,0.04025306324512923,-0.04039491996872002,-0.08064798321384925,-0.019809827784538103,-0.0522338395044496,0,10,0,2.0,0.0002,9.92063492063492e-05,SPY
biweekly,logistic_regression,100,2022-08-02,2022-08-15,10,0.05303123663207221,-0.05141798695933941,-0.10444922359141162,-0.007480070545421769,-0.043468704523917046,0,10,0,0.0,0.0,9.92063492063492e-05,SPY
biweekly,logistic_regression,101,2022-08-16,2022-08-29,10,-0.07328389784951661,0.06101076995717114,0.13429466780668775,-0.0693636360421579,-0.017293195141213746,1,9,0,4.0,0.0004,8.928571428571429e-05,our_model
biweekly,logistic_regression,102,2022-08-30,2022-09-12,9,-0.012832115473516703,0.04488989416218203,0.057722009635698734,-0.04348236846854958,-0.032705389135675667,3,6,0,8.0,0.0008,5.9523809523809524e-05,our_model
biweekly,logistic_regression,103,2022-09-13,2022-09-26,10,-0.0718070708812909,-0.05106652694071612,0.020740543940574785,-0.0753352659691291,-0.06490525030152283,9,1,0,6.0,0.0006000000000000001,9.92063492063492e-06,our_model
biweekly,logistic_regression,104,2022-09-27,2022-10-10,10,-0.015521115168319333,0.01169821938139437,0.027219334549713703,-0.053522955229633795,-0.05658908223939818,0,10,0,2.0,0.0002,9.92063492063492e-05,our_model
biweekly,logistic_regression,105,2022-10-11,2022-10-24,10,0.07597721221385756,-0.07362020549486714,-0.1495974177087247,-0.02278871907767177,-0.07665659438641137,0,10,0,0.0,0.0,9.92063492063492e-05,SPY
biweekly,logistic_regression,106,2022-10-25,2022-11-07,10,-0.007585914726158438,0.030473307348108714,0.03805922207426715,-0.04629580559905644,-0.03533244383705492,7,3,0,6.0,0.0006000000000000001,2.9761904761904762e-05,our_model
biweekly,logistic_regression,107,2022-11-08,2022-11-21,10,0.04685851888564918,0.018940378530394097,-0.027918140355255083,-0.010714825345032208,-0.01439482886896104,2,8,0,2.0,0.0002,7.936507936507937e-05,SPY
biweekly,logistic_regression,108,2022-11-22,2022-12-05,9,-0.01517884925436308,-0.015374580076954136,-0.0001957308225910559,-0.03397266061487669,-0.03397266061487669,9,0,0,2.0,0.0002,0.0,SPY
biweekly,logistic_regression,109,2022-12-06,2022-12-19,10,-0.029308478943829597,-0.029974198110454653,-0.0006657191666250561,-0.050264631716275376,-0.03599413260562001,5,4,1,12.0,0.0012000000000000001,3.968253968253968e-05,SPY
biweekly,logistic_regression,110,2022-12-20,2022-12-30,8,0.0007358782498076977,0.06001866604165529,0.05928278779184759,-0.02477794392869348,-0.005762045113389402,3,5,0,6.0,0.0006000000000000001,4.96031746031746e-05,our_model
biweekly,logistic_regression,111,2023-01-03,2023-01-13,9,0.04450926764478047,-0.0655703253820561,-0.11007959302683656,-0.011413367149978204,-0.0600033086625793,1,8,0,4.0,0.0004,7.936507936507937e-05,SPY
biweekly,logistic_regression,112,2023-01-17,2023-01-30,10,0.02189701311655967,-0.0535391386316304,-0.07543615174819007,-0.012546984417973861,-0.04491339921437931,1,9,0,4.0,0.0004,8.928571428571429e-05,SPY
biweekly,logistic_regression,113,2023-01-31,2023-02-13,10,0.015154530957974366,-0.005096210872427398,-0.020250741830401764,-0.023249725143849154,-0.02992823822884305,4,6,0,8.0,0.0008,5.9523809523809524e-05,SPY
biweekly,logistic_regression,114,2023-02-14,2023-02-27,9,-0.039695616050016036,0.04680810989822404,0.08650372594824007,-0.042803983279827484,-0.005329309818103201,1,8,0,4.0,0.0004,7.936507936507937e-05,our_model
biweekly,logistic_regression,115,2023-02-28,2023-03-13,10,-0.0114319662054011,0.01730404190705581,0.028736008112456912,-0.04724693891271381,-0.03399169249128764,8,2,0,6.0,0.0006000000000000001,1.984126984126984e-05,our_model
biweekly,logistic_regression,116,2023-03-14,2023-03-27,10,0.013733507927796929,0.013733507927796929,0.0,-0.017046583079635802,-0.017046583079635802,10,0,0,0.0,0.0,0.0,SPY
biweekly,logistic_regression,117,2023-03-28,2023-04-10,9,0.035692568390281565,0.01655023593839733,-0.019142332451884236,-0.00815202947747129,-0.017691544476047483,5,4,0,6.0,0.0006000000000000001,3.968253968253968e-05,SPY
biweekly,logistic_regression,118,2023-04-11,2023-04-24,10,-0.008883991750396003,-0.01176513942581825,-0.0028811476754222465,-0.019627704352363273,-0.02271322862974645,8,2,0,6.0,0.0006000000000000001,1.984126984126984e-05,SPY
biweekly,logistic_regression,119,2023-04-25,2023-05-08,10,0.011943356513810954,-0.0035957041006411394,-0.015539060614452094,-0.02596593896857735,-0.032737144314032074,8,2,0,4.0,0.0004,1.984126984126984e-05,SPY
biweekly,logistic_regression,120,2023-05-09,2023-05-22,10,0.00769004960658437,0.004002495127382044,-0.0036875544792023263,-0.012260396688979935,-0.012260396688980046,7,3,0,4.0,0.0004,2.9761904761904762e-05,SPY
biweekly,logistic_regression,121,2023-05-23,2023-06-05,9,0.03366392083958969,-0.03345928022866873,-0.06712320106825842,-0.005545263288205038,-0.0402114658234658,0,9,0,2.0,0.0002,8.928571428571429e-05,SPY
biweekly,logistic_regression,122,2023-06-06,2023-06-16,9,0.025171071937903022,-0.021880634451857395,-0.04705170638976042,-0.008576801502581666,-0.03354533092341494,1,8,0,4.0,0.0004,7.936507936507937e-05,SPY
biweekly,logistic_regression,123,2023-06-20,2023-07-03,10,0.013609923209464414,-0.01726637686464716,-0.030876300074111573,-0.01161485134647755,-0.028145753950451713,2,8,0,4.0,0.0004,7.936507936507937e-05,SPY
biweekly,logistic_regression,124,2023-07-05,2023-07-17,9,0.0249589445659959,0.035238689067056184,0.010279744501060284,-0.0025248080420355867,-0.005458458485791073,7,2,0,6.0,0.0006000000000000001,1.984126984126984e-05,our_model
biweekly,logistic_regression,125,2023-07-18,2023-07-31,10,0.005041928659764272,0.013808328936691483,0.008766400276927211,-0.006634494192364393,-0.009596459054293072,6,4,0,10.0,0.001,3.968253968253968e-05,our_model
biweekly,logistic_regression,126,2023-08-01,2023-08-14,10,-0.029771299395383477,0.01620314114732202,0.0459744405427055,-0.017350208057152594,-0.011648832108919538,7,3,0,6.0,0.0006000000000000001,2.9761904761904762e-05,our_model
biweekly,logistic_regression,127,2023-08-15,2023-08-28,10,0.014156912901233998,-0.03578899217773435,-0.049945905078968345,-0.013859215062759445,-0.0286610843468591,5,5,0,2.0,0.0002,4.96031746031746e-05,SPY
biweekly,logistic_regression,128,2023-08-29,2023-09-11,9,-0.007057505790806662,0.006845132266701359,0.013902638057508021,-0.014051784334955797,-0.008092628319035677,0,9,0,0.0,0.0,8.928571428571429e-05,our_model
biweekly,logistic_regression,129,2023-09-12,2023-09-25,10,-0.04172245482925607,0.021628418453613074,0.06335087328286915,-0.05102082300843769,-0.023270831201390063,4,6,0,12.0,0.0012000000000000001,5.9523809523809524e-05,our_model
biweekly,logistic_regression,130,2023-09-26,2023-10-09,10,0.020334381914808075,-0.020498065885314443,-0.04083244780012252,-0.016172132868938482,-0.030104632068117976,0,10,0,0.0,0.0,9.92063492063492e-05,SPY
biweekly,logistic_regression,131,2023-10-10,2023-10-23,10,-0.025107024604490213,0.02498042734548722,0.050087451949977435,-0.03634955404251217,-0.010531416005778782,0,10,0,0.0,0.0,9.92063492063492e-05,our_model
biweekly,logistic_regression,132,2023-10-24,2023-11-06,10,0.03139532232468323,-0.008170411347494855,-0.03956573367217808,-0.016452924077691944,-0.028328774615777208,6,3,1,6.0,0.0006000000000000001,2.9761904761904762e-05,SPY
biweekly,logistic_regression,133,2023-11-07,2023-11-20,10,0.037397281393030335,0.037397281393030335,0.0,-0.007798757139632073,-0.007798757139632073,10,0,0,0.0,0.0,0.0,SPY
biweekly,logistic_regression,134,2023-11-21,2023-12-04,9,0.0073465870515969645,0.0073465870515969645,0.0,-0.005445437098429151,-0.005445437098429151,9,0,0,0.0,0.0,0.0,SPY
biweekly,logistic_regression,135,2023-12-05,2023-12-18,10,0.04416385466606565,0.04416385466606565,0.0,-0.0016465287174174392,-0.0016465287174174392,10,0,0,0.0,0.0,0.0,SPY
biweekly,logistic_regression,136,2023-12-19,2023-12-29,8,-0.004612113635922843,-0.004612113635922843,0.0,-0.0084751027615938,-0.0084751027615938,8,0,0,0.0,0.0,0.0,SPY
biweekly,logistic_regression,137,2024-01-02,2024-01-12,9,0.004823848995560542,0.0016255169286520932,-0.003198332066908449,-0.0036711752397221575,-0.009784093936108018,4,5,0,8.0,0.0008,4.96031746031746e-05,SPY
biweekly,logistic_regression,138,2024-01-16,2024-01-29,10,0.0336051030851503,-0.009018881390179811,-0.04262398447533011,-0.00127039862340117,-0.02620486883352713,5,5,0,4.0,0.0004,4.96031746031746e-05,SPY
biweekly,logistic_regression,139,2024-01-30,2024-02-12,10,0.00649827646805079,0.00649827646805079,0.0,-0.01420602289756634,-0.01420602289756634,10,0,0,0.0,0.0,0.0,SPY
biweekly,logistic_regression,140,2024-02-13,2024-02-26,9,0.026007903453282966,-0.0014863794394438523,-0.027494282892726818,-0.010458125476964897,-0.02737937256092471,5,4,0,12.0,0.0012000000000000001,3.968253968253968e-05,SPY
biweekly,logistic_regression,141,2024-02-27,2024-03-11,10,0.01943068170211193,5.493734167383302e-05,-0.019375744360438096,-0.011055810839970093,-0.02074404644947181,9,1,0,4.0,0.0004,9.92063492063492e-06,SPY
biweekly,logistic_regression,142,2024-03-12,2024-03-25,10,0.00704740477015231,-0.03200365934042049,-0.0390510641105728,-0.0088299541505793,-0.03472636845058441,4,6,0,6.0,0.0006000000000000001,5.9523809523809524e-05,SPY
biweekly,logistic_regression,143,2024-03-26,2024-04-08,9,0.0009831572922998078,-0.0014460482125900898,-0.0024292055048898975,-0.01930547958360107,-0.012174034981109916,0,9,0,0.0,0.0,8.928571428571429e-05,SPY
biweekly,logistic_regression,144,2024-04-09,2024-04-22,10,-0.02632297744260359,0.02606133829680335,0.05238431573940694,-0.04409253988058748,-0.020986059349027197,0,10,0,0.0,0.0,9.92063492063492e-05,our_model
biweekly,logistic_regression,145,2024-04-23,2024-05-06,10,0.022723317196722492,0.022518675399563426,-0.00020464179715906639,-0.019037000119756953,-0.019037000119756953,10,0,0,2.0,0.0002,0.0,SPY
biweekly,logistic_regression,146,2024-05-07,2024-05-20,10,0.02749754432100615,0.01809183848294449,-0.009405705838061662,-0.0020574030719895386,-0.005064076547174778,5,5,0,6.0,0.0006000000000000001,4.96031746031746e-05,SPY
biweekly,logistic_regression,147,2024-05-21,2024-06-03,9,-0.00558974822363123,-0.012899140462477865,-0.007309392238846635,-0.013627100878238374,-0.011563611744664137,6,3,0,10.0,0.001,2.9761904761904762e-05,SPY
biweekly,logistic_regression,148,2024-06-04,2024-06-17,10,0.03803995876029842,0.020707885822930594,-0.017332072937367826,-0.0012342422505225992,-0.008423030021056266,9,1,0,4.0,0.0004,9.92063492063492e-06,SPY
biweekly,logistic_regression,149,2024-06-18,2024-07-01,9,0.004177290933176758,0.004177290933176758,0.0,-0.004586989332319047,-0.004586989332319047,9,0,0,0.0,0.0,0.0,SPY
biweekly,logistic_regression,150,2024-07-02,2024-07-15,9,0.028870163415997796,0.02607727987589059,-0.002792883540107205,-0.008622675948070313,-0.008622675948070313,8,1,0,4.0,0.0004,9.92063492063492e-06,SPY
biweekly,logistic_regression,151,2024-07-16,2024-07-29,10,-0.040470245365317736,-0.040470245365317736,0.0,-0.03327113447641139,-0.03327113447641139,10,0,0,0.0,0.0,0.0,SPY
biweekly,logistic_regression,152,2024-07-30,2024-08-12,10,7.377721471457654e-05,0.09521351524740673,0.09513973803269216,-0.06069247253672161,-0.0066839251170162095,6,4,0,4.0,0.0004,3.968253968253968e-05,our_model
biweekly,logistic_regression,153,2024-08-13,2024-08-26,10,0.036012382130863774,0.028492235878172956,-0.007520146252690818,-0.00784851342649362,-0.013272526618083202,9,1,0,4.0,0.0004,9.92063492063492e-06,SPY
biweekly,logistic_regression,154,2024-08-27,2024-09-09,9,-0.022740313092363795,0.02207852984965597,0.044818842942019765,-0.04137098793505534,-0.01941808443757531,7,2,0,4.0,0.0004,1.984126984126984e-05,our_model
biweekly,logistic_regression,155,2024-09-10,2024-09-23,10,0.04421069145907586,-0.027250439468920917,-0.07146113092799677,-0.002965714357998972,-0.024977164391783435,1,9,0,6.0,0.0006000000000000001,8.928571428571429e-05,SPY
biweekly,logistic_regression,156,2024-09-24,2024-10-07,10,0.0032733074328241685,-0.0034916725471676457,-0.006764979979991814,-0.01038761819100642,-0.009615227111061664,3,7,0,4.0,0.0004,6.944444444444444e-05,SPY
biweekly,logistic_regression,157,2024-10-08,2024-10-21,10,0.017708303334624587,-0.01774423247141199,-0.03545253580603658,-0.007769603150609483,-0.01472436316658865,0,10,0,0.0,0.0,9.92063492063492e-05,SPY
biweekly,logistic_regression,158,2024-10-22,2024-11-04,10,-0.011348641760528744,0.03417366173171166,0.0455223034922404,-0.022569096659036614,-0.00657455137398455,4,6,0,6.0,0.0006000000000000001,5.9523809523809524e-05,our_model
biweekly,logistic_regression,159,2024-11-05,2024-11-18,10,0.023582333814623047,-0.03113787517187383,-0.05472020898649688,-0.021728227637631492,-0.021250667148095426,6,4,0,8.0,0.0008,3.968253968253968e-05,SPY
biweekly,logistic_regression,160,2024-11-19,2024-12-02,9,0.023056114347555612,0.016996644655498327,-0.006059469692057284,-0.003029985008740077,-0.005431301861632543,6,3,0,6.0,0.0006000000000000001,2.9761904761904762e-05,SPY
biweekly,logistic_regression,161,2024-12-03,2024-12-16,10,0.0006291714842985296,0.006538452861149402,0.005909281376850872,-0.008242755461163598,-0.005350132958638065,8,2,0,6.0,0.0006000000000000001,1.984126984126984e-05,our_model
biweekly,logistic_regression,162,2024-12-17,2024-12-30,9,-0.026870067072862658,0.03250013005522012,0.05937019712808278,-0.025376494744295708,-0.025376494744295597,8,1,0,4.0,0.0004,9.92063492063492e-06,our_model
biweekly,logistic_regression,163,2024-12-31,2025-01-13,8,-0.006637422406549187,-0.006637422406549187,0.0,-0.02497665324045517,-0.02497665324045517,8,0,0,0.0,0.0,0.0,SPY
biweekly,logistic_regression,164,2025-01-14,2025-01-27,9,0.038355091052501455,-0.002337395146904231,-0.040692486199405686,-0.01702342895174125,-0.03684730340520781,6,3,0,6.0,0.0006000000000000001,2.9761904761904762e-05,SPY
biweekly,logistic_regression,165,2025-01-28,2025-02-10,10,0.001306770447003558,-0.010551496633903201,-0.01185826708090676,-0.012015649710146237,-0.023610815120446715,7,3,0,10.0,0.001,2.9761904761904762e-05,SPY
biweekly,logistic_regression,166,2025-02-11,2025-02-24,9,-0.018288140307464285,-0.018288140307464285,0.0,-0.030492898110109357,-0.030492898110109357,9,0,0,0.0,0.0,0.0,SPY
biweekly,logistic_regression,167,2025-02-25,2025-03-10,10,-0.06448559018168742,-0.013686555611911344,0.05079903456977608,-0.06495759730671002,-0.036717188476625084,9,1,0,4.0,0.0004,9.92063492063492e-06,our_model
biweekly,logistic_regression,168,2025-03-11,2025-03-24,10,0.03826290178056935,-0.004348431107122019,-0.04261133288769137,-0.013330436330021067,-0.03920101197371828,3,7,0,6.0,0.0006000000000000001,6.944444444444444e-05,SPY
biweekly,logistic_regression,169,2025-03-25,2025-04-07,10,-0.13724680366652287,-0.13742143916277283,-0.0001746354962499641,-0.12682251875054895,-0.12682251875054906,10,0,0,2.0,0.0002,0.0,SPY
biweekly,logistic_regression,170,2025-04-08,2025-04-21,9,0.061976155997303106,0.14481232739241645,0.08283617139511334,-0.06332243893193523,-0.02739086459560025,1,8,0,2.0,0.0002,7.936507936507937e-05,our_model
biweekly,logistic_regression,171,2025-04-22,2025-05-05,10,0.05983897376708791,-0.014593217017956461,-0.07443219078504437,-0.01404461282632663,-0.04295251524648258,2,8,0,8.0,0.0008,7.936507936507937e-05,SPY
biweekly,logistic_regression,172,2025-05-06,2025-05-19,10,0.06093389971176366,0.038161072256769124,-0.022772827454994538,-0.003362361425499838,-0.008999129614615353,8,2,0,6.0,0.0006000000000000001,1.984126984126984e-05,SPY
biweekly,logistic_regression,173,2025-05-20,2025-06-02,9,0.005465370846553297,0.005465370846553297,0.0,-0.006825745833528796,-0.006825745833528796,9,0,0,0.0,0.0,0.0,SPY
biweekly,logistic_regression,174,2025-06-03,2025-06-16,10,0.0024156771371968144,0.0002527047791647252,-0.002162972358032089,-0.011180059785133034,-0.020795503567167972,8,2,0,2.0,0.0002,1.984126984126984e-05,SPY
biweekly,logistic_regression,175,2025-06-17,2025-06-30,9,0.03672779610331567,0.027393022960744196,-0.009334773142571473,-0.002348474253184407,-0.004991099483887096,6,3,0,4.0,0.0004,2.9761904761904762e-05,SPY
biweekly,logistic_regression,176,2025-07-01,2025-07-14,9,0.007269390895642047,-0.002562002401863772,-0.00983139329750582,-0.007995625508040782,-0.01568147612549864,3,6,0,12.0,0.0012000000000000001,5.9523809523809524e-05,SPY
biweekly,logistic_regression,177,2025-07-15,2025-07-28,10,0.02108856317691199,-0.006743019583414944,-0.027831582760326934,-0.0028880684589236427,-0.01089610060134405,4,6,0,6.0,0.0006000000000000001,5.9523809523809524e-05,SPY
biweekly,logistic_regression,178,2025-07-29,2025-08-11,10,0.011695992214523443,0.011695992214523443,0.0,-0.020080098627818677,-0.020080098627818677,10,0,0,0.0,0.0,0.0,SPY
biweekly,logistic_regression,179,2025-08-12,2025-08-25,10,0.003843126244546413,0.0023814280843785784,-0.0014616981601678347,-0.01457478954287883,-0.015366656576741744,1,9,0,2.0,0.0002,8.928571428571429e-05,SPY
biweekly,logistic_regression,180,2025-08-26,2025-09-08,9,0.008013707448551566,-0.008264001859960901,-0.016277709308512467,-0.013329794393760586,-0.0156353081757602,0,9,0,0.0,0.0,8.928571428571429e-05,SPY
biweekly,logistic_regression,181,2025-09-09,2025-09-22,10,0.02263271451089377,0.011851725525366508,-0.010780988985527262,-0.005443470649980964,-0.008136238517193584,8,2,0,6.0,0.0006000000000000001,1.984126984126984e-05,SPY
biweekly,logistic_regression,182,2025-09-23,2025-10-06,10,0.008911035330688932,0.006622082563403353,-0.002288952767285579,-0.004613467564511753,-0.004948087855783823,6,4,0,2.0,0.0002,3.968253968253968e-05,SPY
biweekly,logistic_regression,183,2025-10-07,2025-10-20,10,0.0032430522381483584,0.05226805043911664,0.049024998200968284,-0.02984653787017777,-0.006810319600221937,7,3,0,2.0,0.0002,2.9761904761904762e-05,our_model
biweekly,logistic_regression,184,2025-10-21,2025-11-03,10,0.005884190225506014,0.005884190225506014,0.0,-0.01767565151272743,-0.01767565151272743,10,0,0,0.0,0.0,0.0,SPY
biweekly,logistic_regression,185,2025-11-04,2025-11-17,10,-0.02245122868391014,-0.02245122868391014,0.0,-0.03409527976003257,-0.03409527976003257,10,0,0,0.0,0.0,0.0,SPY
biweekly,logistic_regression,186,2025-11-18,2025-12-01,9,0.032496050676643184,0.032496050676643184,0.0,-0.015242227316648038,-0.015242227316648038,9,0,0,0.0,0.0,0.0,SPY
biweekly,logistic_regression,187,2025-12-02,2025-12-15,10,-0.0039029523577587266,0.001689946852481583,0.00559289921024031,-0.014945463631020561,-0.014945463631020561,9,1,0,4.0,0.0004,9.92063492063492e-06,our_model
biweekly,logistic_regression,188,2025-12-16,2025-12-29,9,0.014980853421934892,0.008249171428599045,-0.006731681993335847,-0.004881351135810452,-0.00829105496217264,4,5,0,2.0,0.0002,4.96031746031746e-05,SPY
biweekly,logistic_regression,189,2025-12-30,2026-01-12,9,0.009839707529273767,-0.010028955496127478,-0.019868663025401245,-0.0033246123310797238,-0.01925125770948488,0,9,0,0.0,0.0,8.928571428571429e-05,SPY
biweekly,logistic_regression,190,2026-01-13,2026-01-26,9,0.0024791624674385115,-0.005262680230393557,-0.007741842697832069,-0.021177648132294946,-0.02599722914075442,1,8,0,4.0,0.0004,7.936507936507937e-05,SPY
biweekly,logistic_regression,191,2026-01-27,2026-02-09,10,-0.004845486486066974,-0.005044537426149076,-0.00019905094008210167,-0.025595994752209195,-0.025595994752209195,10,0,0,2.0,0.0002,0.0,SPY
biweekly,logistic_regression,192,2026-02-10,2026-02-23,9,-0.006891908065338681,0.02070298840951823,0.02759489647485691,-0.01544885969788623,-0.011971712833915182,1,8,0,4.0,0.0004,7.936507936507937e-05,our_model
biweekly,logistic_regression,193,2026-02-24,2026-03-09,10,-0.014795914769232033,-0.014795914769232033,0.0,-0.02996466970364453,-0.02996466970364453,10,0,0,0.0,0.0,0.0,SPY
biweekly,logistic_regression,194,2026-03-10,2026-03-23,10,-0.0328068358621626,0.03267839887866297,0.06548523474082557,-0.03842615252646542,-0.012800353414067045,0,10,0,2.0,0.0002,9.92063492063492e-05,our_model
biweekly,logistic_regression,195,2026-03-24,2026-04-06,9,0.009246967595329503,-0.050723421733466334,-0.05997038932879584,-0.03783378794572534,-0.06213402212550012,2,7,0,4.0,0.0004,6.944444444444444e-05,SPY
biweekly,logistic_regression,196,2026-04-07,2026-04-20,10,0.06805025496370232,0.06784195035536755,-0.00020830460833476394,-0.008533535912035428,-0.008533535912035428,10,0,0,2.0,0.0002,0.0,SPY
biweekly,logistic_regression,197,2026-04-21,2026-05-04,10,0.027965571021393076,0.027965571021393076,0.0,-0.005019749750924785,-0.005019749750924785,10,0,0,0.0,0.0,0.0,SPY
biweekly,logistic_regression,198,2026-05-05,2026-05-18,10,0.013761250317789742,0.013761250317789742,0.0,-0.019300423939144218,-0.019300423939144218,10,0,0,0.0,0.0,0.0,SPY
biweekly,logistic_regression,199,2026-05-19,2026-06-01,9,0.03521734046717806,0.019313568504162326,-0.015903771963015734,-0.0001732421647460125,-0.00556297500246794,6,3,0,8.0,0.0008,2.9761904761904762e-05,SPY
biweekly,logistic_regression,200,2026-06-02,2026-06-15,10,-0.01216476485555229,-0.01216476485555229,0.0,-0.04181804999867034,-0.04181804999867034,10,0,0,0.0,0.0,0.0,SPY
biweekly,logistic_regression,201,2026-06-16,2026-06-29,9,-0.0021805901865447064,-0.0021805901865447064,0.0,-0.02376998718714507,-0.02376998718714507,9,0,0,0.0,0.0,0.0,SPY
biweekly,logistic_regression,202,2026-06-30,2026-07-02,3,0.0065615427116128,0.011521372947365327,0.004959830235752527,-0.001314069480687241,0.0,1,2,0,4.0,0.0004,1.984126984126984e-05,our_model
monthly,logistic_regression,1,2018-10-16,2018-11-15,23,-0.023787445878731495,0.04626078028483582,0.07004822616356732,-0.059154993854353966,-0.062044709377548246,2,21,0,9.0,0.0009000000000000001,0.00020833333333333327,our_model
monthly,logistic_regression,2,2018-11-16,2018-12-14,19,-0.06711000944665868,0.036561158873133826,0.1036711683197925,-0.08571445068944661,-0.05528637027797678,13,6,0,14.0,0.0014000000000000002,5.9523809523809524e-05,our_model
monthly,logistic_regression,3,2018-12-17,2019-01-15,20,0.02797639739217317,0.02797639739217317,0.0,-0.07594325158686932,-0.07594325158686932,20,0,0,0.0,0.0,0.0,SPY
monthly,logistic_regression,4,2019-01-16,2019-02-15,22,0.06464067042941357,-0.06237290773358528,-0.12701357816299885,-0.013510609566876108,-0.055006055253479125,0,22,0,2.0,0.0002,0.00021825396825396817,SPY
monthly,logistic_regression,5,2019-02-19,2019-03-15,19,0.02059951534596638,-0.015059105827905483,-0.03565862117387186,-0.02125407962612691,-0.024999679568369237,6,13,0,8.0,0.0008,0.00012896825396825395,SPY
monthly,logistic_regression,6,2019-03-18,2019-04-15,21,0.02773364274472767,-0.028067055446316713,-0.055800698191044384,-0.01998396201460717,-0.03885740876182153,0,21,0,0.0,0.0,0.00020833333333333327,SPY
monthly,logistic_regression,7,2019-04-16,2019-05-15,21,-0.008477957929766244,-0.008676748733822404,-0.00019879080405615923,-0.04479170071891769,-0.044791700718917915,21,0,0,2.0,0.0002,0.0,SPY
monthly,logistic_regression,8,2019-05-16,2019-06-14,21,0.00580485574512557,0.00580485574512557,0.0,-0.04167411522930364,-0.04167411522930364,21,0,0,0.0,0.0,0.0,SPY
monthly,logistic_regression,9,2019-06-17,2019-07-15,20,0.04101322114340755,-0.026994305031676435,-0.06800752617508399,-0.013443354611986424,-0.024727279407870673,4,16,0,14.0,0.0014000000000000002,0.00015873015873015868,SPY
monthly,logistic_regression,10,2019-07-16,2019-08-15,23,-0.03645995879703201,-0.038315888878290294,-0.0018559300812582835,-0.06023014707042662,-0.0631773855391119,16,7,0,2.0,0.0002,6.944444444444444e-05,SPY
monthly,logistic_regression,11,2019-08-16,2019-09-13,20,0.03915507464347456,0.03915507464347456,0.0,-0.025986902820108626,-0.025986902820108626,20,0,0,0.0,0.0,0.0,SPY
monthly,logistic_regression,12,2019-09-16,2019-10-15,22,-0.0012726752281903009,0.0274501786596002,0.0287228538877905,-0.03888984180623989,-0.036135240256225054,9,13,0,10.0,0.001,0.00012896825396825395,our_model
monthly,logistic_regression,13,2019-10-16,2019-11-15,23,0.04564310393582138,-0.006810332003721942,-0.052453435939543325,-0.004377113461400128,-0.019245909514533754,7,16,0,8.0,0.0008,0.00015873015873015868,SPY
monthly,logistic_regression,14,2019-11-18,2019-12-13,19,0.02397341735872449,-0.012737196790692296,-0.03671061414941679,-0.01879679402444201,-0.03038890485143586,9,10,0,6.0,0.0006000000000000001,9.92063492063492e-05,SPY
monthly,logistic_regression,15,2019-12-16,2020-01-15,21,0.04083536499068363,-0.02583626091140523,-0.06667162590208886,-0.007571857050165387,-0.03021965756016043,3,16,2,2.0,0.0002,0.00015873015873015868,SPY
monthly,logistic_regression,16,2020-01-16,2020-02-14,21,0.017557219703202787,-0.025285045211856927,-0.04284226491505971,-0.03078769403997239,-0.04764132587747871,4,17,0,4.0,0.0004,0.00016865079365079358,SPY
monthly,logistic_regression,17,2020-02-18,2020-03-13,19,-0.2877082849250382,-0.28785006539804336,-0.00014178047300517083,-0.29109763497346686,-0.29109763497346675,19,0,0,2.0,0.0002,0.0,SPY
monthly,logistic_regression,18,2020-03-16,2020-04-15,22,0.17048646007816837,-0.1730252210441604,-0.34351168112232877,-0.11289145285646984,-0.232863066552357,0,22,0,2.0,0.0002,0.00021825396825396817,SPY
monthly,logistic_regression,19,2020-04-16,2020-05-15,22,0.056968897597182266,0.036190314345891705,-0.02077858325129056,-0.04744643488121869,-0.04038756397681842,19,3,0,6.0,0.0006000000000000001,2.9761904761904762e-05,SPY
monthly,logistic_regression,20,2020-05-18,2020-06-15,20,0.06088150042818108,0.06088150042818108,0.0,-0.06989512189093683,-0.06989512189093683,20,0,0,0.0,0.0,0.0,SPY
monthly,logistic_regression,21,2020-06-16,2020-07-15,21,0.029529706837431613,-0.03902640261651613,-0.06855610945394774,-0.03845536685881368,-0.06908130005234481,2,19,0,2.0,0.0002,0.00018849206349206345,SPY
monthly,logistic_regression,22,2020-07-16,2020-08-14,22,0.05336793960946573,-0.04421690396122735,-0.09758484357069308,-0.018295338691271423,-0.0518074827747248,4,18,0,6.0,0.0006000000000000001,0.00017857142857142854,SPY
monthly,logistic_regression,23,2020-08-17,2020-09-15,21,0.002693257901583035,0.03795613748372695,0.03526287958214391,-0.06846512431099172,-0.02891007177371685,3,18,0,10.0,0.001,0.0001785714285714285,our_model
monthly,logistic_regression,24,2020-09-16,2020-10-15,22,0.02910163885299122,-0.07469810018622602,-0.10379973903921724,-0.03545884589452586,-0.09602188065539496,2,20,0,4.0,0.0004,0.00019841269841269836,SPY
monthly,logistic_regression,25,2020-10-16,2020-11-13,21,0.043997911414553004,0.0365183031679992,-0.007479608246553804,-0.0556425622365041,-0.03763094846304682,12,9,0,12.0,0.0012000000000000001,8.928571428571429e-05,SPY
monthly,logistic_regression,26,2020-11-16,2020-12-15,21,0.02096123241198966,0.0666908095339045,0.04572957712191483,-0.014884680595141253,-0.014884680595141031,16,5,0,10.0,0.001,4.96031746031746e-05,our_model
monthly,logistic_regression,27,2020-12-16,2021-01-15,21,0.027268637838710363,0.07765626080719934,0.050387622968488976,-0.01458304293363899,-0.007343976595271862,15,6,0,12.0,0.0012000000000000001,5.9523809523809524e-05,our_model
monthly,logistic_regression,28,2021-01-19,2021-02-12,19,0.03604919964687037,-0.03709881386964908,-0.07314801351651945,-0.03725409187091122,-0.05823841146374675,0,19,0,2.0,0.0002,0.00018849206349206345,SPY
monthly,logistic_regression,29,2021-02-16,2021-03-15,20,0.009202349907622365,-0.05370841226346079,-0.06291076217108316,-0.03998554992454151,-0.054664722357731454,12,8,0,4.0,0.0004,7.936507936507937e-05,SPY
monthly,logistic_regression,30,2021-03-16,2021-04-15,22,0.05737804330864149,-0.055643413509473105,-0.1130214568181146,-0.021322948584007406,-0.07222281004922049,0,22,0,0.0,0.0,0.00021825396825396817,SPY
monthly,logistic_regression,31,2021-04-16,2021-05-14,21,-0.004170263379477124,-0.008760359046394162,-0.004590095666917038,-0.03958580070389772,-0.03958580070389761,19,2,0,10.0,0.001,1.984126984126984e-05,SPY
monthly,logistic_regression,32,2021-05-17,2021-06-15,21,0.01585972225145782,-0.01002674960203287,-0.02588647185349069,-0.007407520958998992,-0.022848035978618064,2,19,0,8.0,0.0008,0.00018849206349206345,SPY
monthly,logistic_regression,33,2021-06-16,2021-07-15,21,0.02520951078257294,0.01780363110491212,-0.0074058796776608204,-0.013490381996013823,-0.0171674883145031,12,9,0,8.0,0.0008,8.928571428571429e-05,SPY
monthly,logistic_regression,34,2021-07-16,2021-08-13,21,0.036236141305560965,0.036236141305560965,0.0,-0.007777417790975516,-0.007777417790975516,21,0,0,0.0,0.0,0.0,SPY
monthly,logistic_regression,35,2021-08-16,2021-09-15,22,0.00044736989747029554,0.00044736989747029554,0.0,-0.01990325510029689,-0.01990325510029689,22,0,0,0.0,0.0,0.0,SPY
monthly,logistic_regression,36,2021-09-16,2021-10-15,22,0.0032484801044463385,-0.021647202626459583,-0.02489568273090592,-0.0343987205850631,-0.042175146535305186,3,19,0,6.0,0.0006000000000000001,0.0001884920634920634,SPY
monthly,logistic_regression,37,2021-10-18,2021-11-15,21,0.049397256437420545,0.0026882076113319275,-0.04670904882608862,-0.011323654683954909,-0.014561829244531532,15,6,0,4.0,0.0004,5.9523809523809524e-05,SPY
monthly,logistic_regression,38,2021-11-16,2021-12-15,21,-0.00603029420728074,0.023122152670105534,0.029152446877386273,-0.040938587164995655,-0.04439715751273854,17,4,0,6.0,0.0006000000000000001,3.968253968253968e-05,our_model
monthly,logistic_regression,39,2021-12-16,2022-01-14,21,-0.017914619625801653,0.030072174068642266,0.04798679369444392,-0.04442020013616832,-0.031317018071649994,2,19,0,6.0,0.0006000000000000001,0.00018849206349206345,our_model
monthly,logistic_regression,40,2022-01-18,2022-02-15,21,-0.021665326064120416,-0.0254692570655759,-0.003803931001455485,-0.045401214154820235,-0.06708967951139466,7,14,0,14.0,0.0014000000000000002,0.00013888888888888886,SPY
monthly,logistic_regression,41,2022-02-16,2022-03-15,19,-0.024585702927350184,0.05561532696844784,0.08020102989579803,-0.04941892633176037,-0.044855408044304435,15,4,0,8.0,0.0008,3.968253968253968e-05,our_model
monthly,logistic_regression,42,2022-03-16,2022-04-14,22,0.008517947178080743,-0.07611513822776339,-0.08463308540584413,-0.051478780413171665,-0.08699701606776356,11,11,0,10.0,0.001,0.00010912698412698413,SPY
monthly,logistic_regression,43,2022-04-18,2022-05-13,20,-0.08648995109652236,0.03459353818011435,0.1210834892766367,-0.11841611320451728,-0.05207430219139475,15,5,0,6.0,0.0006000000000000001,4.96031746031746e-05,our_model
monthly,logistic_regression,44,2022-05-16,2022-06-15,22,-0.08358116657044246,0.08131488565426426,0.1648960522247067,-0.121564915787581,-0.06881598061527128,0,22,0,2.0,0.0002,0.00021825396825396817,our_model
monthly,logistic_regression,45,2022-06-16,2022-07-15,20,0.04622905784163622,0.02514537280231144,-0.021083685039324784,-0.03289084641273787,-0.032004049602789464,3,17,0,8.0,0.0008,0.00016865079365079358,SPY
monthly,logistic_regression,46,2022-07-18,2022-08-15,21,0.125016468012356,-0.11416134239269649,-0.23917781040505248,-0.019809827784538214,-0.09237315663893064,0,21,0,0.0,0.0,0.00020833333333333327,SPY
monthly,logistic_regression,47,2022-08-16,2022-09-15,22,-0.09903714614111103,0.07688554707402773,0.17592269321513876,-0.09522582759637466,-0.03394444847125,8,14,0,14.0,0.0014000000000000002,0.00013888888888888886,our_model
monthly,logistic_regression,48,2022-09-16,2022-10-14,21,-0.04860445554702275,0.02111437434164931,0.06971882988867206,-0.08233178536832697,-0.03916161136882923,9,12,0,18.0,0.0018,0.00011904761904761905,our_model
monthly,logistic_regression,49,2022-10-17,2022-11-15,22,0.07804904484013542,-0.07887432798476912,-0.15692337282490454,-0.04629580559905677,-0.08909042447367055,0,22,0,0.0,0.0,0.00021825396825396817,SPY
monthly,logistic_regression,50,2022-11-16,2022-12-15,21,-0.026349848930105724,-0.05986042714658413,-0.033510578216478404,-0.055558351872917355,-0.06271889681602738,15,6,0,2.0,0.0002,5.9523809523809524e-05,SPY
monthly,logistic_regression,51,2022-12-16,2023-01-13,19,0.037832558784028913,0.051569298796968255,0.013736740012939341,-0.02477794392869348,-0.020286889164659372,10,9,0,10.0,0.001,8.928571428571429e-05,our_model
monthly,logistic_regression,52,2023-01-17,2023-02-15,22,0.026422158859679357,-0.05893946482089263,-0.08536162368057199,-0.023249725143849154,-0.06883800525940387,1,21,0,4.0,0.0004,0.00020833333333333327,SPY
monthly,logistic_regression,53,2023-02-16,2023-03-15,19,-0.029807875410284734,0.05919614779395577,0.0890040232042405,-0.05377385786173461,-0.03399169249128786,10,9,0,6.0,0.0006000000000000001,8.928571428571429e-05,our_model
monthly,logistic_regression,54,2023-03-16,2023-04-14,21,0.04900100007960684,0.07356530958295182,0.024564309503344983,-0.017046583079635802,-0.012338486787790481,17,4,0,10.0,0.001,3.968253968253968e-05,our_model
monthly,logistic_regression,55,2023-04-17,2023-05-15,21,-0.008914243648824538,-0.009112331578219446,-0.00019808792939490782,-0.025965938968577018,-0.02596593896857713,21,0,0,2.0,0.0002,0.0,SPY
monthly,logistic_regression,56,2023-05-16,2023-06-15,22,0.0751793288872733,-0.10483944498261066,-0.18001877386988396,-0.01941656711319595,-0.09671507906206367,3,19,0,6.0,0.0006000000000000001,0.0001884920634920634,SPY
monthly,logistic_regression,57,2023-06-16,2023-07-14,19,0.025895623598236606,-0.019112945387201097,-0.0450085689854377,-0.013129529503999038,-0.024964964382756305,8,11,0,10.0,0.001,0.00010912698412698413,SPY
monthly,logistic_regression,58,2023-07-17,2023-08-15,22,-0.02484259692087276,0.01401499023250996,0.03885758715338272,-0.03964700615355454,-0.018901579750074782,11,11,0,20.0,0.002,0.00010912698412698413,our_model
monthly,logistic_regression,59,2023-08-16,2023-09-15,22,0.012634918525965766,-0.005885271171092277,-0.018520189697058043,-0.014051784334955797,-0.03242183870705828,3,19,0,6.0,0.0006000000000000001,0.0001884920634920634,SPY
monthly,logistic_regression,60,2023-09-18,2023-10-13,20,-0.017108697138655482,-0.03971971137899133,-0.022611014240335847,-0.04770627928554405,-0.042118607131889085,3,17,0,4.0,0.0004,0.00016865079365079358,SPY
monthly,logistic_regression,61,2023-10-16,2023-11-15,23,0.03254279721911857,0.03747817228196881,0.004935375062850245,-0.05811644341141653,-0.02095178352439564,14,9,0,14.0,0.0014000000000000002,8.928571428571429e-05,our_model
monthly,logistic_regression,62,2023-11-16,2023-12-15,21,0.05253656135058904,0.05253656135058904,0.0,-0.009453127540731465,-0.009453127540731465,21,0,0,0.0,0.0,0.0,SPY
monthly,logistic_regression,63,2023-12-18,2024-01-12,18,0.006271585991261874,0.006746402964585396,0.0004748169733235219,-0.01974026374871185,-0.01974026374871185,17,1,0,4.0,0.0004,9.92063492063492e-06,our_model
monthly,logistic_regression,64,2024-01-16,2024-02-15,23,0.051755161903100255,0.008382702190008695,-0.04337245971309156,-0.017078132430270898,-0.030375279928616217,18,5,0,4.0,0.0004,4.96031746031746e-05,SPY
monthly,logistic_regression,65,2024-02-16,2024-03-15,20,0.029916159579956636,-0.02875026741809572,-0.05866642699805236,-0.011055810839970204,-0.03805253577514678,15,5,0,12.0,0.0012000000000000001,4.96031746031746e-05,SPY
monthly,logistic_regression,66,2024-03-18,2024-04-15,20,-0.018192107975793292,0.012835983319028355,0.031028091294821647,-0.03754044601759199,-0.01860869968661094,1,19,0,6.0,0.0006000000000000001,0.00018849206349206345,our_model
monthly,logistic_regression,67,2024-04-16,2024-05-15,22,0.04996723259146241,0.006741402743853708,-0.0432258298476087,-0.019037000119756953,-0.03144152147591506,13,9,0,8.0,0.0008,8.928571428571429e-05,SPY
monthly,logistic_regression,68,2024-05-16,2024-06-14,21,0.034821865550745734,-0.015680734413423214,-0.05050259996416895,-0.01646749145877968,-0.03605114627249839,5,16,0,14.0,0.0014000000000000002,0.00015873015873015868,SPY
monthly,logistic_regression,69,2024-06-17,2024-07-15,19,0.03579280757138226,0.03579280757138226,0.0,-0.008622675948070313,-0.008622675948070313,19,0,0,0.0,0.0,0.0,SPY
monthly,logistic_regression,70,2024-07-16,2024-08-15,23,-0.018677102798672407,-0.018677102798672407,0.0,-0.07103099737791008,-0.07103099737791008,23,0,0,0.0,0.0,0.0,SPY
monthly,logistic_regression,71,2024-08-16,2024-09-13,20,0.015388553537510896,0.012181281316684833,-0.003207272220826063,-0.041370987935055226,-0.041370987935055226,19,1,0,2.0,0.0002,9.92063492063492e-06,SPY
monthly,logistic_regression,72,2024-09-16,2024-10-15,22,0.03774802229895924,0.003492129754978812,-0.034255892543980426,-0.010387618191006531,-0.0287017433388157,7,15,0,4.0,0.0004,0.00014880952380952377,SPY
monthly,logistic_regression,73,2024-10-16,2024-11-15,23,0.010046148206332095,-0.005350259236950539,-0.015396407443282634,-0.027284032398936064,-0.03860575066921457,12,11,0,22.0,0.0022,0.00010912698412698413,SPY
monthly,logistic_regression,74,2024-11-18,2024-12-13,19,0.031692683351489004,0.009499776783502112,-0.022192906567986892,-0.00824275546116382,-0.01585591110713891,11,8,0,12.0,0.0012000000000000001,7.936507936507937e-05,SPY
monthly,logistic_regression,75,2024-12-16,2025-01-15,20,-0.021685721691419135,0.046573722761042324,0.06825944445246146,-0.036152035945364536,-0.034672709701923154,18,2,0,4.0,0.0004,1.984126984126984e-05,our_model
monthly,logistic_regression,76,2025-01-16,2025-02-14,21,0.03355077026649678,0.02134747492980793,-0.012203295336688846,-0.019647336339987276,-0.023423949204731676,9,12,0,4.0,0.0004,0.00011904761904761905,SPY
monthly,logistic_regression,77,2025-02-18,2025-03-14,19,-0.07251131748856177,-0.07251131748856177,0.0,-0.10035401835085778,-0.10035401835085778,19,0,0,0.0,0.0,0.0,SPY
monthly,logistic_regression,78,2025-03-17,2025-04-15,22,-0.07036725806644051,-0.10404554540422462,-0.03367828733778411,-0.13724680366652287,-0.15375108329123666,20,2,0,4.0,0.0004,1.984126984126984e-05,SPY
monthly,logistic_regression,79,2025-04-16,2025-05-15,21,0.13038855998105747,-0.07156755248931779,-0.20195611247037526,-0.023802651133915886,-0.08849173030746316,5,16,0,6.0,0.0006000000000000001,0.00015873015873015868,SPY
monthly,logistic_regression,80,2025-05-16,2025-06-13,20,0.014271320394783515,0.014068687795329327,-0.00020263259945418888,-0.026460530621524425,-0.026460530621524203,20,0,0,2.0,0.0002,0.0,SPY
monthly,logistic_regression,81,2025-06-16,2025-07-15,20,0.03880218688689463,0.036376236797601935,-0.0024259500892926944,-0.007995625508040782,-0.017019515789229667,8,12,0,10.0,0.001,0.00011904761904761905,SPY
monthly,logistic_regression,82,2025-07-16,2025-08-15,23,0.030566158197893545,0.02753463006704382,-0.0030315281308497255,-0.0241406916311786,-0.0241406916311786,21,2,0,6.0,0.0006000000000000001,1.984126984126984e-05,SPY
monthly,logistic_regression,83,2025-08-18,2025-09-15,20,0.025959961712617607,-0.02633371660645545,-0.052293678319073056,-0.013329794393760586,-0.039106677893904096,0,20,0,2.0,0.0002,0.00019841269841269836,SPY
monthly,logistic_regression,84,2025-09-16,2025-10-15,22,0.0037447625918691774,0.003543763907115638,-0.00020099868475353944,-0.02984653787017788,-0.02984653787017788,22,0,0,2.0,0.0002,0.0,SPY
monthly,logistic_regression,85,2025-10-16,2025-11-14,22,0.0076138890526835645,-0.004547706452915801,-0.012161595505599365,-0.03159783123191151,-0.0315978312319114,20,2,0,8.0,0.0008,1.984126984126984e-05,SPY
monthly,logistic_regression,86,2025-11-17,2025-12-15,20,0.019829667435291576,0.036680392493459335,0.01685072505816776,-0.015242227316648038,-0.015242227316648038,19,1,0,4.0,0.0004,9.92063492063492e-06,our_model
monthly,logistic_regression,87,2025-12-16,2026-01-15,21,0.021850632215093535,0.0011203993426578407,-0.020730232872435694,-0.012254127111194002,-0.01925125770948477,4,17,0,2.0,0.0002,0.00016865079365079358,SPY
monthly,logistic_regression,88,2026-01-16,2026-02-13,20,-0.01273747138216308,-0.014526842221451286,-0.0017893708392882068,-0.02569408272246454,-0.0415755710836998,11,9,0,2.0,0.0002,8.928571428571429e-05,SPY
monthly,logistic_regression,89,2026-02-17,2026-03-13,19,-0.02023862144210753,-0.039348863521380895,-0.019110242079273365,-0.04452143165644473,-0.04651540328624826,16,3,0,4.0,0.0004,2.9761904761904762e-05,SPY
monthly,logistic_regression,90,2026-03-16,2026-04-15,22,0.0516362536460957,-0.024852841392637215,-0.07648909503873291,-0.05529903332618025,-0.08054589227678544,2,20,0,8.0,0.0008,0.00019841269841269836,SPY
monthly,logistic_regression,91,2026-04-16,2026-05-15,22,0.05271785347470459,0.05271785347470459,0.0,-0.012724390319108991,-0.012724390319108991,22,0,0,0.0,0.0,0.0,SPY
monthly,logistic_regression,92,2026-05-18,2026-06-15,20,0.01581268209014941,0.010744551127648272,-0.005068130962501138,-0.04494652583696357,-0.049652267567794395,18,2,0,8.0,0.0008,1.984126984126984e-05,SPY
monthly,logistic_regression,93,2026-06-16,2026-07-02,12,0.004366644489422589,0.004366644489422589,0.0,-0.02376998718714507,-0.02376998718714507,12,0,0,0.0,0.0,0.0,SPY
six_month,logistic_regression,1,2018-10-16,2019-04-15,124,0.04543479073578616,0.08344019530246216,0.038005404566676004,-0.16120999241903322,-0.12798812146439154,58,66,0,29.0,0.0029,0.0006547619047619047,our_model
six_month,logistic_regression,2,2019-04-16,2019-10-15,127,0.038172231492216824,0.0379640877658145,-0.00020814372640232115,-0.06618365702175977,-0.06618365702175977,127,0,0,2.0,0.0002,0.0,SPY
six_month,logistic_regression,3,2019-10-16,2020-04-15,125,-0.05455269717552913,0.4461800342505491,0.5007327314260782,-0.33717262742332,-0.232863066552357,10,115,0,22.0,0.0022,0.0011408730158730162,our_model
six_month,logistic_regression,4,2020-04-16,2020-10-15,128,0.25479976125070136,0.2246822740951564,-0.030117487155544964,-0.09440438875248791,-0.06989512189093683,101,27,0,44.0,0.0044,0.00026785714285714287,SPY
six_month,logistic_regression,5,2020-10-16,2021-04-15,124,0.21054748956325064,0.04322614758559884,-0.1673213419776518,-0.0556425622365041,-0.1165947671333708,64,60,0,48.0,0.0048000000000000004,0.0005952380952380952,SPY
six_month,logistic_regression,6,2021-04-16,2021-10-15,128,0.07868080621323292,0.0685896732596718,-0.010091132953561122,-0.051141231875642124,-0.051141231875642235,124,4,0,16.0,0.0016,3.968253968253968e-05,SPY
six_month,logistic_regression,7,2021-10-18,2022-04-14,125,-0.014123504276864707,0.026133741022379198,0.040257245299243904,-0.12865546428446328,-0.12750745084832138,83,42,0,30.0,0.003,0.00041666666666666664,our_model
six_month,logistic_regression,8,2022-04-18,2022-10-14,126,-0.15538071876196446,0.3920229583449073,0.5474036771068718,-0.19204729108991025,-0.12605573283239624,25,101,0,26.0,0.0026000000000000003,0.0010019841269841272,our_model
six_month,logistic_regression,9,2022-10-17,2023-04-14,124,0.1379637095628743,0.08906268518239502,-0.048901024380479274,-0.07538750754385104,-0.12447839000562821,86,38,0,10.0,0.001,0.000376984126984127,SPY
six_month,logistic_regression,10,2023-04-17,2023-10-13,126,0.06103187577942748,0.11963735304585832,0.05860547726643084,-0.07582731851581215,-0.02814575395045149,46,80,0,34.0,0.0034000000000000002,0.0007936507936507935,our_model
six_month,logistic_regression,11,2023-10-16,2024-04-15,125,0.16306371015310295,0.23130447960506206,0.06824076945195912,-0.05811644341141653,-0.02095178352439564,114,11,0,18.0,0.0018000000000000002,0.00010912698412698413,our_model
six_month,logistic_regression,12,2024-04-16,2024-10-15,127,0.16372494447839836,-0.06127242283229861,-0.22499736731069697,-0.08405608805215348,-0.08770435515970965,67,60,0,26.0,0.0026,0.0005952380952380952,SPY
six_month,logistic_regression,13,2024-10-16,2025-04-15,124,-0.09150654141545045,-0.10819208674304648,-0.01668554532759603,-0.18755234489427275,-0.18755234489427308,109,15,0,26.0,0.0026000000000000003,0.00014880952380952382,SPY
six_month,logistic_regression,14,2025-04-16,2025-10-15,126,0.2639920319541349,0.0021127912982989994,-0.2618792406558359,-0.02984653787017788,-0.08949789364414751,60,66,0,44.0,0.0044,0.0006547619047619047,SPY
six_month,logistic_regression,15,2025-10-16,2026-04-15,124,0.0681388808388852,0.11887520734276502,0.050736326503879825,-0.08884968175523811,-0.08577380838039139,107,17,0,20.0,0.002,0.00016865079365079364,our_model
six_month,logistic_regression,16,2026-04-16,2026-07-02,54,0.07403367927861226,0.07403367927861226,0.0,-0.04494652583696368,-0.04494652583696368,54,0,0,0.0,0.0,0.0,SPY
